{
  "topic_representations": {
    "-1": [
      [
        "the",
        0.22262716742750757
      ],
      [
        "of",
        0.14991318559286193
      ],
      [
        "and",
        0.11666603396585397
      ],
      [
        "is",
        0.07973964398516388
      ],
      [
        "in",
        0.07973964398516388
      ],
      [
        "to",
        0.06736371103709934
      ],
      [
        "it",
        0.05116920650224196
      ],
      [
        "by",
        0.04829089235109054
      ],
      [
        "as",
        0.04535113185174711
      ],
      [
        "with",
        0.04535113185174711
      ]
    ]
  },
  "topics": [
    -1,
    -1,
    -1,
    -1,
    -1,
    -1,
    -1,
    -1,
    -1,
    -1,
    -1,
    -1
  ],
  "topic_sizes": {
    "-1": 12
  },
  "topic_mapper": [
    [
      -1,
      -1,
      -1
    ]
  ],
  "topic_labels": {
    "-1": "-1_the_of_and_is"
  },
  "custom_labels": null,
  "_outliers": 1,
  "topic_aspects": {}
}